<filetype binary="false" description="FICO Xpress Mosel language" name="Mosel">
  <highlighting>
    <options>
      <option name="LINE_COMMENT" value="!" />
      <option name="COMMENT_START" value="(!" />
      <option name="COMMENT_END" value="!)" />
      <option name="HEX_PREFIX" value="" />
      <option name="NUM_POSTFIXES" value="" />
      <option name="HAS_BRACES" value="true" />
      <option name="HAS_BRACKETS" value="true" />
      <option name="HAS_PARENS" value="true" />
      <option name="HAS_STRING_ESCAPES" value="true" />
    </options>
    <keywords keywords="and;as;break;case;count;declarations;do;elif;else;end;end-;exit;forall;forward;from;function;if;imports;include;initialisations;initializations;max;maximise;maximize;min;minimise;minimize;model;next;of;options;or;package;parameters;procedure;prod;public;repeat;requirements;return;sum;then;to;union;until;uses;version;while;with" ignore_case="false" />
    <keywords2 keywords="array;boolean;counter;date;datetime;dynamic;evaluation;integer;linctr;list;model;mosel;mpproblem;mpvar;nlctr;range;real;record;returned;set;string;text;time;xmldoc" />
    <keywords3 keywords="assert;create;delcell;exists;fclose;fcopy;fdelete;finalize;fmove;fopen;fwrite;fwrite_;fwriteln;fwriteln_;write;write_;writeln;writeln_" />
    <keywords4 keywords="div;false;in;is_binary;is_integer;is_sos1;is_sos2;mod;not;true" />
  </highlighting>
  <extensionMap>
    <mapping ext="mos" />
  </extensionMap>
</filetype>